{
	"type" : "program",			
	"cnname" : "棋盘",
	"time limit" : 3,
	"memory limit" : "1 GB",	
	"test cases" : 20,			
	"partial score" : false,	
	"compile" : {				
		"cpp" : "-O2 -lm",
		"c" : "-O2 -lm",
		"pas" : "-O2"
	},
	"sample count" : 2,
	"args" : [10, 30000],		
	"data" : [
		{"cases" : [1, 2], "args" : [300, 1]},
		{"cases" : [3, 4], "args" : [200, 1]},
		{"cases" : [5, 6], "args" : [10, 0]},
		{"cases" : [7, 8], "args" : [20, 0]},
		{"cases" : [9, 10], "args" : [30, 0]},
		{"cases" : [11, 12], "args" : [50, 0]},
		{"cases" : [13, 14], "args" : [100, 0]},
		{"cases" : [15], "args" : [200, 0]},
		{"cases" : [16], "args" : [300, 0]},
		{"cases" : [17], "args" : [500, 0]},
		{"cases" : [18], "args" : [1000, 0]},
		{"cases" : [19], "args" : [2000, 0]},
		{"cases" : [20], "args" : [30000, 0]}
	]			
}